name,lat,lon,category,notes
Old Main,40.79646,-77.86282,campus,Penn State
Mount Nittany Medical Center,40.819137,-77.843297,hospital,
Nittany Mall,40.833806,-77.797861,shopping,Regional mall
Cato Park,40.764417,-77.877917,landmark,Office park / neighborhood
Gray's Woods,40.797500,-77.963600,landmark,Neighborhood / Gray's Woods Park area
Toftrees,40.826037,-77.881098,landmark,Neighborhood
Boalsburg,40.775620,-77.792500,landmark,Village center
Park Forest,40.804320,-77.911840,landmark,Neighborhood
PSU Arboretum,40.805653,-77.867890,park,The Arboretum at Penn State
Hills Plaza,40.785990,-77.831640,shopping,Shopping center
Pine Grove Mills,40.733674,-77.885557,landmark,Village center
Tudek Park,40.802270,-77.891972,park,Tom Tudek Memorial Park
Lemont,40.810620,-77.818330,landmark,Village center
Westerly Plaza,40.783400,-77.853060,shopping,Westerly Parkway Plaza
SCE Airport,40.849278,-77.848694,transit,State College Regional Airport
