name,address,latitude,longitude,category,notes
McLanahan's Downtown Market,116 S Allen St State College PA 16801,40.794022,-77.861279,Supermarket,Small general grocery downtown.
Wegmans,345 Colonnade Blvd State College PA 16803,40.811300,-77.907900,Supermarket,Full-service supermarket.
Trader Joe's,243 Patriot Ln State College PA 16803,40.810353,-77.902372,Supermarket,Grocery store on North Atherton.
ALDI - North Atherton,1798 N Atherton St State College PA 16803,40.808574,-77.901503,Supermarket,Discount supermarket.
ALDI - Benner Pike,780 Benner Pike State College PA 16801,40.835164,-77.801121,Supermarket,Discount supermarket near Nittany Mall.
GIANT - Northland Center,255 Northland Center State College PA 16803,40.802775,-77.886997,Supermarket,Full-service supermarket.
GIANT - South Atherton,2121 S Atherton St State College PA 16801,40.786070,-77.831061,Supermarket,Full-service supermarket in Hills Plaza.
Weis Markets - Westerly Parkway,560 Westerly Pkwy State College PA 16801,40.781593,-77.853701,Supermarket,Full-service supermarket beside the high school.
Weis Markets - Rolling Ridge,110 Rolling Ridge Dr State College PA 16801,40.785167,-77.827213,Supermarket,Full-service supermarket in Hills Plaza.
Weis Markets - Martin Street,1471 Martin St State College PA 16803,40.804173,-77.890656,Supermarket,Full-service supermarket.
State College International Market,328 S Allen St State College PA 16801,40.791664,-77.857697,Specialty,International grocery store.
Global Foods,240 W Hamilton Ave State College PA 16801,40.787400,-77.856450,Specialty,International grocery and halal butcher.
Far Corners Asian Market,1012 W College Ave State College PA 16801,40.785370,-77.872690,Specialty,Asian grocery store.
East Asian Market,215 Blue Course Dr State College PA 16803,40.802930,-77.884309,Specialty,Asian grocery store.
Momezon Korean Market,1518 N Atherton St State College PA 16803,40.806290,-77.890260,Specialty,Korean grocery store.
J&C Asian Market,1869 N Atherton St State College PA 16803,40.809450,-77.904070,Specialty,Asian grocery store.
Aone Mart,320 E College Ave State College PA 16801,40.796940,-77.858080,Specialty,Asian grocery store downtown.
Golden Dragon Market,202 E Calder Way State College PA 16801,40.795020,-77.859750,Specialty,Asian grocery store downtown.
Penn Halal Grocery,236 E Calder Way State College PA 16801,40.795470,-77.858930,Specialty,South Asian and halal grocery store.
Krishan Indian Grocery Store,230 W College Ave State College PA 16801,40.793285,-77.863115,Specialty,Indian grocery store.
East European Market,2110 N Atherton St State College PA 16803,40.809441,-77.910858,Specialty,Eastern European grocery store.
Nature's Pantry,2331 Commercial Blvd State College PA 16801,40.824428,-77.812487,Specialty,Natural-foods and specialty grocery store.
Meyer Dairy,2390 S Atherton St State College PA 16801,40.783840,-77.827300,Specialty,Dairy and farm store.
The Cheese Shoppe,234 E Calder Way State College PA 16801,40.795476,-77.858977,Specialty,Cheese and coffee shop.
Target - University Campus,201 W Beaver Ave State College PA 16801,40.792499,-77.861908,General retail,Downtown Target with a grocery section.
Walmart Supercenter - North Atherton,1665 N Atherton St State College PA 16803,40.809970,-77.897650,General retail,Big-box store with a full grocery section.
Walmart Supercenter - Benner Pike,373 Benner Pike State College PA 16801,40.832560,-77.808310,General retail,Big-box store with a full grocery section.
